{
    "0": {
        "execution time": 340.913996219635,
        "number of total hits": 2000,
        "number of positive hits": 1922,
        "number of unhandled hits": 0,
        "number of error hits": 78
    },
    "1": {
        "execution time": 387.47030901908875,
        "number of total hits": 2000,
        "number of positive hits": 1924,
        "number of unhandled hits": 0,
        "number of error hits": 76
    },
    "2": {
        "execution time": 356.62912940979004,
        "number of total hits": 2000,
        "number of positive hits": 1924,
        "number of unhandled hits": 0,
        "number of error hits": 76
    },
    "summary": {
        "time data points": [
            340.913996219635,
            387.47030901908875,
            356.62912940979004
        ],
        "total hits": [
            2000,
            2000,
            2000
        ],
        "errors": [
            78,
            76,
            76
        ],
        "Mean execution time": 361.67114488283795,
        "Median execution time": 356.62912940979004,
        "Standard deviation execution time": 23.684150932490397,
        "Variance execution time": 560.9390053929857
    }
}