{
    "0": {
        "execution time": 364.6231119632721,
        "number of total hits": 2000,
        "number of positive hits": 1923,
        "number of unhandled hits": 0,
        "number of error hits": 77
    },
    "1": {
        "execution time": 356.9523386955261,
        "number of total hits": 2000,
        "number of positive hits": 1924,
        "number of unhandled hits": 0,
        "number of error hits": 76
    },
    "2": {
        "execution time": 367.0422179698944,
        "number of total hits": 2000,
        "number of positive hits": 1924,
        "number of unhandled hits": 0,
        "number of error hits": 76
    },
    "summary": {
        "time data points": [
            364.6231119632721,
            356.9523386955261,
            367.0422179698944
        ],
        "total hits": [
            2000,
            2000,
            2000
        ],
        "errors": [
            77,
            76,
            76
        ],
        "Mean execution time": 362.8725562095642,
        "Median execution time": 364.6231119632721,
        "Standard deviation execution time": 5.267803150077033,
        "Variance execution time": 27.74975002796151
    }
}