{
    "0": {
        "execution time": 0.47704172134399414,
        "number of total hits": 102,
        "number of positive hits": 100,
        "number of unhandled hits": 0,
        "number of error hits": 2
    },
    "1": {
        "execution time": 0.4059414863586426,
        "number of total hits": 102,
        "number of positive hits": 100,
        "number of unhandled hits": 0,
        "number of error hits": 2
    },
    "2": {
        "execution time": 0.36850905418395996,
        "number of total hits": 102,
        "number of positive hits": 100,
        "number of unhandled hits": 0,
        "number of error hits": 2
    },
    "3": {
        "execution time": 0.20237946510314941,
        "number of total hits": 102,
        "number of positive hits": 100,
        "number of unhandled hits": 0,
        "number of error hits": 2
    },
    "4": {
        "execution time": 0.31252431869506836,
        "number of total hits": 102,
        "number of positive hits": 100,
        "number of unhandled hits": 0,
        "number of error hits": 2
    },
    "5": {
        "execution time": 0.7436230182647705,
        "number of total hits": 102,
        "number of positive hits": 100,
        "number of unhandled hits": 0,
        "number of error hits": 2
    },
    "summary": {
        "time data points": [
            0.47704172134399414,
            0.4059414863586426,
            0.36850905418395996,
            0.20237946510314941,
            0.31252431869506836,
            0.7436230182647705
        ],
        "total hits": [
            102,
            102,
            102,
            102,
            102,
            102
        ],
        "errors": [
            2,
            2,
            2,
            2,
            2,
            2
        ],
        "Mean execution time": 0.41833651065826416,
        "Median execution time": 0.38722527027130127,
        "Standard deviation execution time": 0.184243149849068,
        "Variance execution time": 0.03394553826630613
    }
}