{
    "0": {
        "execution time": 291.43546652793884,
        "number of total hits": 2000,
        "number of positive hits": 1864,
        "number of unhandled hits": 0,
        "number of error hits": 0
    },
    "1": {
        "execution time": 283.2162148952484,
        "number of total hits": 2000,
        "number of positive hits": 1860,
        "number of unhandled hits": 0,
        "number of error hits": 0
    },
    "2": {
        "execution time": 276.75547885894775,
        "number of total hits": 2000,
        "number of positive hits": 1865,
        "number of unhandled hits": 0,
        "number of error hits": 0
    },
    "summary": {
        "time data points": [
            291.43546652793884,
            283.2162148952484,
            276.75547885894775
        ],
        "total hits": [
            2000,
            2000,
            2000
        ],
        "errors": [
            0,
            0,
            0
        ],
        "Mean execution time": 283.80238676071167,
        "Median execution time": 283.2162148952484,
        "Standard deviation execution time": 7.357527273638074,
        "Variance execution time": 54.13320758232811
    }
}