{
    "0": {
        "execution time": 299.2373356819153,
        "number of total hits": 2000,
        "number of positive hits": 1854,
        "number of unhandled hits": 0,
        "number of error hits": 146
    },
    "1": {
        "execution time": 296.8906841278076,
        "number of total hits": 2000,
        "number of positive hits": 1872,
        "number of unhandled hits": 0,
        "number of error hits": 128
    },
    "2": {
        "execution time": 317.7541837692261,
        "number of total hits": 2000,
        "number of positive hits": 1847,
        "number of unhandled hits": 0,
        "number of error hits": 153
    },
    "summary": {
        "time data points": [
            299.2373356819153,
            296.8906841278076,
            317.7541837692261
        ],
        "total hits": [
            2000,
            2000,
            2000
        ],
        "errors": [
            146,
            128,
            153
        ],
        "Mean execution time": 304.627401192983,
        "Median execution time": 299.2373356819153,
        "Standard deviation execution time": 11.428517357123285,
        "Variance execution time": 130.6110089820682
    }
}