{
    "0": {
        "execution time": 323.3116431236267,
        "number of total hits": 2000,
        "number of positive hits": 1853,
        "number of unhandled hits": 0,
        "number of error hits": 147
    },
    "1": {
        "execution time": 329.0808699131012,
        "number of total hits": 2000,
        "number of positive hits": 1842,
        "number of unhandled hits": 0,
        "number of error hits": 158
    },
    "2": {
        "execution time": 312.4001019001007,
        "number of total hits": 2000,
        "number of positive hits": 1864,
        "number of unhandled hits": 0,
        "number of error hits": 136
    },
    "summary": {
        "time data points": [
            323.3116431236267,
            329.0808699131012,
            312.4001019001007
        ],
        "total hits": [
            2000,
            2000,
            2000
        ],
        "errors": [
            147,
            158,
            136
        ],
        "Mean execution time": 321.5975383122762,
        "Median execution time": 323.3116431236267,
        "Standard deviation execution time": 8.471459251752691,
        "Variance execution time": 71.76562185410627
    }
}