{
    "0": {
        "execution time": 302.77067971229553,
        "number of total hits": 2000,
        "number of positive hits": 1875,
        "number of unhandled hits": 0,
        "number of error hits": 125
    },
    "1": {
        "execution time": 366.42058992385864,
        "number of total hits": 2000,
        "number of positive hits": 1859,
        "number of unhandled hits": 0,
        "number of error hits": 141
    },
    "2": {
        "execution time": 311.19572353363037,
        "number of total hits": 2000,
        "number of positive hits": 1864,
        "number of unhandled hits": 0,
        "number of error hits": 136
    },
    "summary": {
        "time data points": [
            302.77067971229553,
            366.42058992385864,
            311.19572353363037
        ],
        "total hits": [
            2000,
            2000,
            2000
        ],
        "errors": [
            125,
            141,
            136
        ],
        "Mean execution time": 326.79566438992816,
        "Median execution time": 311.19572353363037,
        "Standard deviation execution time": 34.573781735948465,
        "Variance execution time": 1195.3463835250038
    }
}