{
    "0": {
        "execution time": 420.07859921455383,
        "number of total hits": 2000,
        "number of positive hits": 1925,
        "number of unhandled hits": 0,
        "number of error hits": 0
    },
    "1": {
        "execution time": 404.075617313385,
        "number of total hits": 2000,
        "number of positive hits": 1924,
        "number of unhandled hits": 0,
        "number of error hits": 0
    },
    "2": {
        "execution time": 384.04500460624695,
        "number of total hits": 2000,
        "number of positive hits": 1926,
        "number of unhandled hits": 0,
        "number of error hits": 0
    },
    "summary": {
        "time data points": [
            420.07859921455383,
            404.075617313385,
            384.04500460624695
        ],
        "total hits": [
            2000,
            2000,
            2000
        ],
        "errors": [
            0,
            0,
            0
        ],
        "Mean execution time": 402.73307371139526,
        "Median execution time": 404.075617313385,
        "Standard deviation execution time": 18.054273804043834,
        "Variance execution time": 325.95680259138345
    }
}