{
    "0": {
        "execution time": 0.8518264293670654,
        "number of total hits": 102,
        "number of positive hits": 100,
        "number of unhandled hits": 0,
        "number of error hits": 2
    },
    "1": {
        "execution time": 2.2511634826660156,
        "number of total hits": 102,
        "number of positive hits": 100,
        "number of unhandled hits": 0,
        "number of error hits": 2
    },
    "2": {
        "execution time": 1.1167707443237305,
        "number of total hits": 102,
        "number of positive hits": 100,
        "number of unhandled hits": 0,
        "number of error hits": 2
    },
    "3": {
        "execution time": 0.5119185447692871,
        "number of total hits": 102,
        "number of positive hits": 100,
        "number of unhandled hits": 0,
        "number of error hits": 2
    },
    "4": {
        "execution time": 0.9476103782653809,
        "number of total hits": 102,
        "number of positive hits": 100,
        "number of unhandled hits": 0,
        "number of error hits": 2
    },
    "summary": {
        "time data points": [
            0.8518264293670654,
            2.2511634826660156,
            1.1167707443237305,
            0.5119185447692871,
            0.9476103782653809
        ],
        "total hits": [
            102,
            102,
            102,
            102,
            102
        ],
        "errors": [
            2,
            2,
            2,
            2,
            2
        ],
        "Mean execution time": 1.135857915878296,
        "Median execution time": 0.9476103782653809,
        "Standard deviation execution time": 0.6613777640260974,
        "Variance execution time": 0.43742054674816017
    }
}