{
    "0": {
        "execution time": 1.1018130779266357,
        "number of total hits": 102,
        "number of positive hits": 100,
        "number of unhandled hits": 0,
        "number of error hits": 2
    },
    "1": {
        "execution time": 1.8349738121032715,
        "number of total hits": 102,
        "number of positive hits": 100,
        "number of unhandled hits": 0,
        "number of error hits": 2
    },
    "2": {
        "execution time": 1.659949541091919,
        "number of total hits": 102,
        "number of positive hits": 100,
        "number of unhandled hits": 0,
        "number of error hits": 2
    },
    "3": {
        "execution time": 1.523289680480957,
        "number of total hits": 102,
        "number of positive hits": 100,
        "number of unhandled hits": 0,
        "number of error hits": 2
    },
    "4": {
        "execution time": 1.679170846939087,
        "number of total hits": 102,
        "number of positive hits": 100,
        "number of unhandled hits": 0,
        "number of error hits": 2
    },
    "summary": {
        "time data points": [
            1.1018130779266357,
            1.8349738121032715,
            1.659949541091919,
            1.523289680480957,
            1.679170846939087
        ],
        "total hits": [
            102,
            102,
            102,
            102,
            102
        ],
        "errors": [
            2,
            2,
            2,
            2,
            2
        ],
        "Mean execution time": 1.559839391708374,
        "Median execution time": 1.659949541091919,
        "Standard deviation execution time": 0.27887495988812194,
        "Variance execution time": 0.07777124325260161
    }
}