{
    "0": {
        "execution time": 2.79352068901062,
        "number of total hits": 102,
        "number of positive hits": 100,
        "number of unhandled hits": 0,
        "number of error hits": 2
    },
    "1": {
        "execution time": 3.0395514965057373,
        "number of total hits": 102,
        "number of positive hits": 100,
        "number of unhandled hits": 0,
        "number of error hits": 2
    },
    "2": {
        "execution time": 2.328113079071045,
        "number of total hits": 102,
        "number of positive hits": 100,
        "number of unhandled hits": 0,
        "number of error hits": 2
    },
    "3": {
        "execution time": 2.2962803840637207,
        "number of total hits": 102,
        "number of positive hits": 100,
        "number of unhandled hits": 0,
        "number of error hits": 2
    },
    "4": {
        "execution time": 2.545426607131958,
        "number of total hits": 102,
        "number of positive hits": 100,
        "number of unhandled hits": 0,
        "number of error hits": 2
    },
    "summary": {
        "time data points": [
            2.79352068901062,
            3.0395514965057373,
            2.328113079071045,
            2.2962803840637207,
            2.545426607131958
        ],
        "total hits": [
            102,
            102,
            102,
            102,
            102
        ],
        "errors": [
            2,
            2,
            2,
            2,
            2
        ],
        "Mean execution time": 2.600578451156616,
        "Median execution time": 2.545426607131958,
        "Standard deviation execution time": 0.31614888115123624,
        "Variance execution time": 0.09995011505317848
    }
}