{
    "0": {
        "execution time": 407.7770915031433,
        "number of total hits": 2000,
        "number of positive hits": 1923,
        "number of unhandled hits": 0,
        "number of error hits": 0
    },
    "1": {
        "execution time": 422.6959397792816,
        "number of total hits": 2000,
        "number of positive hits": 1923,
        "number of unhandled hits": 0,
        "number of error hits": 0
    },
    "2": {
        "execution time": 391.771924495697,
        "number of total hits": 2000,
        "number of positive hits": 1924,
        "number of unhandled hits": 0,
        "number of error hits": 0
    },
    "summary": {
        "time data points": [
            407.7770915031433,
            422.6959397792816,
            391.771924495697
        ],
        "total hits": [
            2000,
            2000,
            2000
        ],
        "errors": [
            0,
            0,
            0
        ],
        "Mean execution time": 407.41498525937396,
        "Median execution time": 407.7770915031433,
        "Standard deviation execution time": 15.465187390189488,
        "Variance execution time": 239.17202101367596
    }
}