{
    "0": {
        "execution time": 379.7469205856323,
        "number of total hits": 2000,
        "number of positive hits": 1923,
        "number of unhandled hits": 0,
        "number of error hits": 77
    },
    "1": {
        "execution time": 373.02634167671204,
        "number of total hits": 2000,
        "number of positive hits": 1925,
        "number of unhandled hits": 0,
        "number of error hits": 75
    },
    "2": {
        "execution time": 349.06498551368713,
        "number of total hits": 2000,
        "number of positive hits": 1925,
        "number of unhandled hits": 0,
        "number of error hits": 75
    },
    "summary": {
        "time data points": [
            379.7469205856323,
            373.02634167671204,
            349.06498551368713
        ],
        "total hits": [
            2000,
            2000,
            2000
        ],
        "errors": [
            77,
            75,
            75
        ],
        "Mean execution time": 367.2794159253438,
        "Median execution time": 373.02634167671204,
        "Standard deviation execution time": 16.1281013028059,
        "Variance execution time": 260.11565163356937
    }
}