{
    "0": {
        "execution time": 314.48604679107666,
        "number of total hits": 2000,
        "number of positive hits": 1868,
        "number of unhandled hits": 0,
        "number of error hits": 132
    },
    "1": {
        "execution time": 303.87930965423584,
        "number of total hits": 2000,
        "number of positive hits": 1844,
        "number of unhandled hits": 0,
        "number of error hits": 156
    },
    "2": {
        "execution time": 271.4370265007019,
        "number of total hits": 2000,
        "number of positive hits": 1854,
        "number of unhandled hits": 0,
        "number of error hits": 146
    },
    "summary": {
        "time data points": [
            314.48604679107666,
            303.87930965423584,
            271.4370265007019
        ],
        "total hits": [
            2000,
            2000,
            2000
        ],
        "errors": [
            132,
            156,
            146
        ],
        "Mean execution time": 296.60079431533813,
        "Median execution time": 303.87930965423584,
        "Standard deviation execution time": 22.428489163209395,
        "Variance execution time": 503.03712614420124
    }
}