{
    "0": {
        "execution time": 405.3945198059082,
        "number of total hits": 2000,
        "number of positive hits": 1854,
        "number of unhandled hits": 0,
        "number of error hits": 146
    },
    "1": {
        "execution time": 289.9256839752197,
        "number of total hits": 2000,
        "number of positive hits": 1888,
        "number of unhandled hits": 0,
        "number of error hits": 112
    },
    "2": {
        "execution time": 360.0639886856079,
        "number of total hits": 2000,
        "number of positive hits": 1840,
        "number of unhandled hits": 0,
        "number of error hits": 160
    },
    "summary": {
        "time data points": [
            405.3945198059082,
            289.9256839752197,
            360.0639886856079
        ],
        "total hits": [
            2000,
            2000,
            2000
        ],
        "errors": [
            146,
            112,
            160
        ],
        "Mean execution time": 351.7947308222453,
        "Median execution time": 360.0639886856079,
        "Standard deviation execution time": 58.17687239128372,
        "Variance execution time": 3384.5484812317104
    }
}