{
    "0": {
        "execution time": 300.8591356277466,
        "number of total hits": 2000,
        "number of positive hits": 1855,
        "number of unhandled hits": 0,
        "number of error hits": 0
    },
    "1": {
        "execution time": 248.2085244655609,
        "number of total hits": 2000,
        "number of positive hits": 1864,
        "number of unhandled hits": 0,
        "number of error hits": 0
    },
    "2": {
        "execution time": 296.3507421016693,
        "number of total hits": 2000,
        "number of positive hits": 1857,
        "number of unhandled hits": 0,
        "number of error hits": 0
    },
    "summary": {
        "time data points": [
            300.8591356277466,
            248.2085244655609,
            296.3507421016693
        ],
        "total hits": [
            2000,
            2000,
            2000
        ],
        "errors": [
            0,
            0,
            0
        ],
        "Mean execution time": 281.80613406499225,
        "Median execution time": 296.3507421016693,
        "Standard deviation execution time": 29.183572967396323,
        "Variance execution time": 851.6809311433453
    }
}