{
    "0": {
        "execution time": 351.71390199661255,
        "number of total hits": 2000,
        "number of positive hits": 1923,
        "number of unhandled hits": 0,
        "number of error hits": 77
    },
    "1": {
        "execution time": 346.6256387233734,
        "number of total hits": 2000,
        "number of positive hits": 1926,
        "number of unhandled hits": 0,
        "number of error hits": 74
    },
    "2": {
        "execution time": 362.22766733169556,
        "number of total hits": 2000,
        "number of positive hits": 1923,
        "number of unhandled hits": 0,
        "number of error hits": 77
    },
    "summary": {
        "time data points": [
            351.71390199661255,
            346.6256387233734,
            362.22766733169556
        ],
        "total hits": [
            2000,
            2000,
            2000
        ],
        "errors": [
            77,
            74,
            77
        ],
        "Mean execution time": 353.52240268389386,
        "Median execution time": 351.71390199661255,
        "Standard deviation execution time": 7.956684625247398,
        "Variance execution time": 63.30883022564833
    }
}