{
    "0": {
        "execution time": 2.3495709896087646,
        "number of total hits": 102,
        "number of positive hits": 100,
        "number of unhandled hits": 0,
        "number of error hits": 2
    },
    "1": {
        "execution time": 3.322618246078491,
        "number of total hits": 102,
        "number of positive hits": 100,
        "number of unhandled hits": 0,
        "number of error hits": 2
    },
    "2": {
        "execution time": 2.4653568267822266,
        "number of total hits": 102,
        "number of positive hits": 100,
        "number of unhandled hits": 0,
        "number of error hits": 2
    },
    "3": {
        "execution time": 3.0348215103149414,
        "number of total hits": 102,
        "number of positive hits": 100,
        "number of unhandled hits": 0,
        "number of error hits": 2
    },
    "4": {
        "execution time": 2.7818288803100586,
        "number of total hits": 102,
        "number of positive hits": 100,
        "number of unhandled hits": 0,
        "number of error hits": 2
    },
    "5": {
        "execution time": 3.367257595062256,
        "number of total hits": 102,
        "number of positive hits": 100,
        "number of unhandled hits": 0,
        "number of error hits": 2
    },
    "summary": {
        "time data points": [
            2.3495709896087646,
            3.322618246078491,
            2.4653568267822266,
            3.0348215103149414,
            2.7818288803100586,
            3.367257595062256
        ],
        "total hits": [
            102,
            102,
            102,
            102,
            102,
            102
        ],
        "errors": [
            2,
            2,
            2,
            2,
            2,
            2
        ],
        "Mean execution time": 2.886909008026123,
        "Median execution time": 2.9083251953125,
        "Standard deviation execution time": 0.4289372062001917,
        "Variance execution time": 0.18398712686282578
    }
}