{
    "0": {
        "execution time": 305.6175580024719,
        "number of total hits": 2000,
        "number of positive hits": 1852,
        "number of unhandled hits": 0,
        "number of error hits": 148
    },
    "1": {
        "execution time": 352.46563839912415,
        "number of total hits": 2000,
        "number of positive hits": 1852,
        "number of unhandled hits": 0,
        "number of error hits": 148
    },
    "2": {
        "execution time": 303.1706564426422,
        "number of total hits": 2000,
        "number of positive hits": 1856,
        "number of unhandled hits": 0,
        "number of error hits": 144
    },
    "summary": {
        "time data points": [
            305.6175580024719,
            352.46563839912415,
            303.1706564426422
        ],
        "total hits": [
            2000,
            2000,
            2000
        ],
        "errors": [
            148,
            148,
            144
        ],
        "Mean execution time": 320.4179509480794,
        "Median execution time": 305.6175580024719,
        "Standard deviation execution time": 27.781064325017518,
        "Variance execution time": 771.7875350307611
    }
}